{
    "pass_at_1": 47.87046123650637,
    "pass_at_3": 60.5307491004253,
    "pass_at_5": 65.04392728632178,
    "pass_at_10": 69.87242394504416
}